Threads,N,MédiaTempo(s)
1,10,0.00065626
1,100,0.00076007
1,1000,0.00170136
1,10000,0.01153284
1,100000,0.06292295
1,1000000,0.53594120
2,10,0.00057017
2,100,0.00061383
2,1000,0.00098230
2,10000,0.00660355
2,100000,0.03783169
2,1000000,0.30224198
4,10,0.00060231
4,100,0.00061255
4,1000,0.00085654
4,10000,0.00313424
4,100000,0.02165367
4,1000000,0.17133559
